Palabra;Nombre;Pais;Sexo
Cara;Beitter;Esp;M
Cara;Dakes;Esp;H
Cara;Diegoalcara;Esp;H
Cara;Emiliop;Esp;H
Cara;Luisdamianp;Arg;H
Cara;Oskerals;Ven;H
Cara;Orgullomoore;EEUU;H
Cara;Randomlino;Peru;H
Cara;Victornalab;Ven;H
Jabón;Alter;Ven;H
Jabón;IgnasiBCN;Esp;H
Jabón;JaimeDes;Mex;H
Jabón;Pleitecas;Esp;H
Jabón;Shaditor;Arg;M
Peine;BrujaCarter;Esp;M
Peine;harTsaRx;Esp;H
Peine;urso170;Arg;H
Gorro;Camilorosa;Chile;H
Gorro;Eljose;Peru;H
Gorro;Guillermo;Esp;H
Gorro;Pablo2012;Arg;H
Bufanda;Alter;Ven;H
Bufanda;Borum;Esp;H
Bufanda;Gorgorito;Esp;H
Bufanda;Oscar;Esp;H
Bufanda;Pola;Mex;M
Bufanda;Wordfor;Col;M
Fuego;Alter;Ven;H
Fuego;Beitter;Esp;M
Fuego;Camilorosa;Chile;H
Fuego;DonQuijote;Mex;H
Fuego;Estexu;Esp;H
Fuego;Mindcontrololo;Mex;H
Fuego;Yelkoastur;Esp;H
Chaqueta;Effystonem;Mex;M
Chaqueta;Irs0003;Esp;M
Chaqueta;Packo38;Esp;H
Chaqueta;Pleitecas;Esp;H
Chaqueta;urso170;Arg;H
Chaqueta;Wordfor;Col;M
Lapiz;Astridyvc;Ven;M
Lapiz;BrujaCarter;Esp;M
Lapiz;Cisne;Bol;H
Lapiz;Illinou;EEUU;H
Lapiz;Estexu;Esp;H
Lapiz;Pleitecas;Esp;H
Libro;Camilorosa;Chile;H
Libro;Dakes;Esp;H
Libro;DonQuijote;Mex;H
Libro;Estexu;Esp;H
Libro;Loquim;Arg;H
Libro;Mith;Esp;H
Libro;Tempao;Esp;H
Libro;Yelkoastur;Esp;H
Bolso;Camilorosa;Chile;H
Bolso;Mareze;Arg;H
Bolso;Sperez2418;Mex;H
Bolso;Treintaitantos;Esp;H
Barco;Arvalosp1;Col;H
Barco;Azdriel;Esp;H
Barco;Barreraivan27;Col;H
Barco;Fjglez;Esp;H
Barco;Jbpablotr;Col;H
Barco;Momislo;Esp;H
Estrella;Alan9;Arg;H
Estrella;Art23py;Para;H
Estrella;Azdriel;Mex;H
Estrella;Bellabanks;Esp;M
Estrella;Bilks;Esp;H
Estrella;Camilorosa;Chile;H
Estrella;Cnquinteros90;Chile;M
Estrella;Enriquemdc23;Mex;H
Estrella;er9834I;Esp;H
Estrella;Barcelones;Esp;H
Estrella;LeonSand;Col;H
Estrella;Orphneus;Arg;H
Estrella;SebastianPerilla;Col;H
Estrella;Seilaregia;Mex;H
Estrella;Templo;Esp;H
Estrella;Wordfor;Col;M
Cielo;Alter;Ven;H
Cielo;Arcadia;Arg;M
Cielo;Beitter;Esp;M
Cielo;Bilks;Esp;H
Cielo;Camilorosa;Chile;H
Cielo;Enriquemdc23;Mex;H
Cielo;Estexu;Esp;H
Cielo;Gustav73;Peru;H
Cielo;Msalas;EEUU;H
Cielo;Orphneus;Arg;H
Cielo;Reality3d;Esp;H
Taza;Adroguense;Arg;H
Taza;Alter;Ven;H
Taza;Amazurlo;Col;H
Taza;Churru;Esp;H
Taza;Distridexter;Arg;H
Taza;Eeemmmlll;Arg;M
Taza;Rorradealarido;Mex;M
Taza;Symphon;Mex;H
Blanco;Abstract;Gua;H
Blanco;BrujaCarter;Esp;H
Blanco;Camilorosa;Chile;H
Blanco;DonQuijote;Mex;H
Blanco;Enriquemdc23;Mex;H
Blanco;Gardenvillage;Fra;M
Blanco;Guijaran2;Esp;M
Blanco;Vayusta;Esp;M
Blanco;Vkal;Esp;H
Blanco;Wordfor;Col;M
Negro;BrujaCarter;Esp;M
Negro;Bydopu;Fra;H
Negro;IgnasiBCN;Esp;H
Negro;Nodoubt9203;EEUU;H
Negro;Odin35;Mex;H
Negro;Teknad;Esp;H
Negro;Victorino;Col;H
Plancha;Beitter;Esp;M
Plancha;Camilorosa;Chile;H
Plancha;Yelkoastur;Esp;H
Niño;Cancion35127;EEUU;H
Niño;Cteve04;Col;H
Niño;Fjglez;Esp;H
Niño;Laurasanchez22;Esp;M
Niño;Mith;Esp;H
Niño;Momislo;Esp;H
Niño;Pablo2012;Arg;H
Niño;Tica;CR;M
Niño;Wichopv;Mex;H
Diente;Dakes;Esp;H
Diente;Diegolacra;Esp;H
Diente;Gorgorito;Esp;H
Diente;Momislo;Esp;H
Diente;Urso170;Arg;H
Diente;Wordfor;Col;M
Espada;Bienhablado;Col;H
Espada;DonQuijote;Mex;H
Espada;Fpinto;Chile;H
Espada;Juanpirincho;Esp;H
Espada;Steve04;Col;H
Espada;AlonsoDeErcilla;Chile;H
Clase;BrujaCarter;Esp;M
Clase;Dubheed;Esp;H
Clase;JuanSebastianCristal;Arg;H
Clase;Malvarez;Esp;H
Silla;DonQuijote;Mex;H
Silla;JustMelody;Arg;M
Silla;JustNahuel;Arg;M
Silla;Mariad;Esp;M
Silla;Nymes;Esp;H
Silla;Roonblis;Mex;M
Silla;Seilaregia;Mex;H
Silla;Trajano;Esp;H
Silla;Victornalab;Ven;H
Silla;Xrstian;Col;H
Silla;Yelkoastur;Esp;H
Piedra;Bmhawk;EEUU;M
Piedra;BrujaCarter;Esp;M
Piedra;Camilorosa;Chile;H
Piedra;Cata;EEUU;M
Piedra;Javier;Esp;H
Piedra;johnTyner;EEUU;H
Piedra;Jspatt;EEUU;H
Piedra;Ksmccain21;EEUU;M
Piedra;Matthewludlum;EEUU;H
Piedra;Mlsantos;EEUU;H
Piedra;Momislo;Esp;H
Piedra;Msalas;EEUU;H
Piedra;Pablo2012;Arg;H
Piedra;Templo;Esp;H
Cristal;Alter;Ven;H
Cristal;Grughos;Esp;H
Cristal;Mayorcatorce;Esp;H
Cristal;Mnati75;Arg;M
Cristal;Yelkoastur;Esp;H
Autobus;Emivallr;Esp;H
Globo;BrujaCarter;Esp;M
Globo;Irs0003;Esp;M
Globo;Juanpirincho;Esp;H
Globo;RRR04;Peru;M
Globo;Vkal;Esp;H
Rojo;Alter;Ven;H
Rojo;Aqucorrea;Arg;H
Rojo;BrujaCarter;Esp;M
Rojo;Danibusuu;Esp;H
Rojo;Estexu;Esp;H
Rojo;JustNahuel;Arg;H
Rojo;Magdaibeth;Col;M
Tres;AlexanderArg;Arg;H
Tres;Alter;Ven;H
Tres;Cc4miloo;Col;H
Tres;Fjglez;Esp;H
Tres;Gmaranca;Arg;H
Tres;Guijaran2;Esp;H
Tres;IgnasiBCN;Esp;H
Tres;Joseeduardo1775;Chile;H
Tres;LinLinao;Chile;H
Tres;LocutoraArgentina;Arg;H
Tres;Orphneus;Arg;H
Tres;Steve04;Col;H
Tres;Volk;Arg;H
Tres;Yelkoastur;Esp;H
Tambor;Dafanafel;Col;M
Tambor;Diegolacra;Esp;H
Tambor;Fjglez;Esp;H
Tambor;Joseig;Esp;H
Tambor;Sentinel2009;Peru;H
Flecha;Alter;Ven;H
Flecha;AyCarallo;Esp;H
Flecha;Pablo2012;Esp;H
Flecha;RodneyCPHT;Cuba;H
Fruta;Alina;Arg;M
Fruta;Angeltellez13;Cuba;H
Fruta;Covarrubias;Esp;H
Fruta;IgnasiPerez;Esp;H
Fruta;JoseAngel;Esp;H
Fruta;Jerez;Esp;H
Fruta;Pablo2012;Arg;H
Mosca;Alter;Ven;H
Mosca;BrujaCarter;Esp;M
Mosca;Camilorosa;Chile;H
Mosca;Diggeridoo;Esp;H
Mosca;Febela;Arg;M
Mosca;IgnasiPerez;Esp;H
Mosca;Leooslos;Arg;H
Mosca;Mayorcatorce;Esp;H
Mosca;Miniwini;Esp;M
Mosca;Silvina;Arg;M
